-- phpMyAdmin SQL Dump
-- version 4.9.1
-- https://www.phpmyadmin.net/
--
-- Anamakine: localhost
-- Üretim Zamanı: 20 Oca 2025, 21:23:00
-- Sunucu sürümü: 8.0.17
-- PHP Sürümü: 7.3.10

SET SQL_MODE = "NO_AUTO_VALUE_ON_ZERO";
SET AUTOCOMMIT = 0;
START TRANSACTION;
SET time_zone = "+00:00";


/*!40101 SET @OLD_CHARACTER_SET_CLIENT=@@CHARACTER_SET_CLIENT */;
/*!40101 SET @OLD_CHARACTER_SET_RESULTS=@@CHARACTER_SET_RESULTS */;
/*!40101 SET @OLD_COLLATION_CONNECTION=@@COLLATION_CONNECTION */;
/*!40101 SET NAMES utf8mb4 */;

--
-- Veritabanı: `sinemakararsistemi`
--

-- --------------------------------------------------------

--
-- Tablo için tablo yapısı `gelir`
--

CREATE TABLE `gelir` (
  `gelir_id` int(11) NOT NULL,
  `sinema_id` int(11) DEFAULT NULL,
  `gelir_adi` varchar(255) DEFAULT NULL,
  `tutar` decimal(10,2) DEFAULT NULL,
  `ay` int(11) NOT NULL
) ENGINE=InnoDB DEFAULT CHARSET=utf8mb4 COLLATE=utf8mb4_0900_ai_ci;

--
-- Tablo döküm verisi `gelir`
--

INSERT INTO `gelir` (`gelir_id`, `sinema_id`, `gelir_adi`, `tutar`, `ay`) VALUES
(1, 1, 'Bilet Geliri', '80000.00', 0),
(2, 1, 'Büfe Geliri', '60000.00', 0),
(3, 1, 'Reklam ve Sponsorluk Geliri', '75000.00', 0),
(4, 2, 'Bilet Geliri', '70000.00', 0),
(5, 2, 'Büfe Geliri', '50000.00', 0),
(6, 2, 'Reklam ve Sponsorluk Geliri', '65000.00', 0),
(7, 3, 'Bilet Geliri', '40000.00', 0),
(8, 3, 'Büfe Geliri', '30000.00', 0),
(9, 3, 'Reklam ve Sponsorluk Geliri', '25000.00', 0),
(10, 4, 'Bilet Geliri', '120000.00', 0),
(11, 4, 'Büfe Geliri', '90000.00', 0),
(12, 4, 'Reklam ve Sponsorluk Geliri', '100000.00', 0),
(13, 5, 'Bilet Geliri', '60000.00', 0),
(14, 5, 'Büfe Geliri', '40000.00', 0),
(15, 5, 'Reklam ve Sponsorluk Geliri', '55000.00', 0),
(16, 6, 'Bilet Geliri', '130000.00', 0),
(17, 6, 'Büfe Geliri', '95000.00', 0),
(18, 6, 'Reklam ve Sponsorluk Geliri', '110000.00', 0),
(19, 7, 'Bilet Geliri', '125000.00', 0),
(20, 7, 'Büfe Geliri', '100000.00', 0),
(21, 7, 'Reklam ve Sponsorluk Geliri', '105000.00', 0),
(22, 8, 'Bilet Geliri', '35000.00', 0),
(23, 8, 'Büfe Geliri', '25000.00', 0),
(24, 8, 'Reklam ve Sponsorluk Geliri', '20000.00', 0),
(25, 9, 'Bilet Geliri', '60000.00', 0),
(26, 9, 'Büfe Geliri', '50000.00', 0),
(27, 9, 'Reklam ve Sponsorluk Geliri', '45000.00', 0),
(28, 1, 'Bilet Geliri', '6700.00', 1),
(29, 1, 'Bilet Geliri', '6800.00', 2),
(30, 1, 'Bilet Geliri', '6600.00', 3),
(31, 1, 'Bilet Geliri', '6700.00', 4),
(32, 1, 'Bilet Geliri', '6800.00', 5),
(33, 1, 'Bilet Geliri', '6600.00', 6),
(34, 1, 'Bilet Geliri', '6700.00', 7),
(35, 1, 'Bilet Geliri', '6800.00', 8),
(36, 1, 'Bilet Geliri', '6600.00', 9),
(37, 1, 'Bilet Geliri', '6700.00', 10),
(38, 1, 'Bilet Geliri', '6800.00', 11),
(39, 1, 'Bilet Geliri', '6500.00', 12),
(40, 1, 'Büfe Geliri', '5000.00', 1),
(41, 1, 'Büfe Geliri', '5100.00', 2),
(42, 1, 'Büfe Geliri', '4900.00', 3),
(43, 1, 'Büfe Geliri', '5000.00', 4),
(44, 1, 'Büfe Geliri', '5100.00', 5),
(45, 1, 'Büfe Geliri', '4900.00', 6),
(46, 1, 'Büfe Geliri', '5000.00', 7),
(47, 1, 'Büfe Geliri', '5100.00', 8),
(48, 1, 'Büfe Geliri', '4900.00', 9),
(49, 1, 'Büfe Geliri', '5000.00', 10),
(50, 1, 'Büfe Geliri', '5100.00', 11),
(51, 1, 'Büfe Geliri', '4800.00', 12),
(52, 1, 'Reklam ve Sponsorluk Geliri', '6200.00', 1),
(53, 1, 'Reklam ve Sponsorluk Geliri', '6300.00', 2),
(54, 1, 'Reklam ve Sponsorluk Geliri', '6100.00', 3),
(55, 1, 'Reklam ve Sponsorluk Geliri', '6200.00', 4),
(56, 1, 'Reklam ve Sponsorluk Geliri', '6300.00', 5),
(57, 1, 'Reklam ve Sponsorluk Geliri', '6100.00', 6),
(58, 1, 'Reklam ve Sponsorluk Geliri', '6200.00', 7),
(59, 1, 'Reklam ve Sponsorluk Geliri', '6300.00', 8),
(60, 1, 'Reklam ve Sponsorluk Geliri', '6100.00', 9),
(61, 1, 'Reklam ve Sponsorluk Geliri', '6200.00', 10),
(62, 1, 'Reklam ve Sponsorluk Geliri', '6300.00', 11),
(63, 1, 'Reklam ve Sponsorluk Geliri', '6000.00', 12),
(64, 2, 'Bilet Geliri', '5800.00', 1),
(65, 2, 'Bilet Geliri', '5900.00', 2),
(66, 2, 'Bilet Geliri', '5700.00', 3),
(67, 2, 'Bilet Geliri', '5800.00', 4),
(68, 2, 'Bilet Geliri', '5900.00', 5),
(69, 2, 'Bilet Geliri', '5700.00', 6),
(70, 2, 'Bilet Geliri', '5800.00', 7),
(71, 2, 'Bilet Geliri', '5900.00', 8),
(72, 2, 'Bilet Geliri', '5700.00', 9),
(73, 2, 'Bilet Geliri', '5800.00', 10),
(74, 2, 'Bilet Geliri', '5900.00', 11),
(75, 2, 'Bilet Geliri', '5600.00', 12),
(76, 2, 'Büfe Geliri', '4000.00', 1),
(77, 2, 'Büfe Geliri', '4100.00', 2),
(78, 2, 'Büfe Geliri', '3900.00', 3),
(79, 2, 'Büfe Geliri', '4000.00', 4),
(80, 2, 'Büfe Geliri', '4100.00', 5),
(81, 2, 'Büfe Geliri', '3900.00', 6),
(82, 2, 'Büfe Geliri', '4000.00', 7),
(83, 2, 'Büfe Geliri', '4100.00', 8),
(84, 2, 'Büfe Geliri', '3900.00', 9),
(85, 2, 'Büfe Geliri', '4000.00', 10),
(86, 2, 'Büfe Geliri', '4100.00', 11),
(87, 2, 'Büfe Geliri', '3800.00', 12),
(88, 2, 'Reklam ve Sponsorluk Geliri', '5300.00', 1),
(89, 2, 'Reklam ve Sponsorluk Geliri', '5400.00', 2),
(90, 2, 'Reklam ve Sponsorluk Geliri', '5200.00', 3),
(91, 2, 'Reklam ve Sponsorluk Geliri', '5300.00', 4),
(92, 2, 'Reklam ve Sponsorluk Geliri', '5400.00', 5),
(93, 2, 'Reklam ve Sponsorluk Geliri', '5200.00', 6),
(94, 2, 'Reklam ve Sponsorluk Geliri', '5300.00', 7),
(95, 2, 'Reklam ve Sponsorluk Geliri', '5400.00', 8),
(96, 2, 'Reklam ve Sponsorluk Geliri', '5200.00', 9),
(97, 2, 'Reklam ve Sponsorluk Geliri', '5300.00', 10),
(98, 2, 'Reklam ve Sponsorluk Geliri', '5400.00', 11),
(99, 2, 'Reklam ve Sponsorluk Geliri', '5100.00', 12),
(100, 3, 'Bilet Geliri', '3300.00', 1),
(101, 3, 'Bilet Geliri', '3400.00', 2),
(102, 3, 'Bilet Geliri', '3200.00', 3),
(103, 3, 'Bilet Geliri', '3300.00', 4),
(104, 3, 'Bilet Geliri', '3400.00', 5),
(105, 3, 'Bilet Geliri', '3200.00', 6),
(106, 3, 'Bilet Geliri', '3300.00', 7),
(107, 3, 'Bilet Geliri', '3400.00', 8),
(108, 3, 'Bilet Geliri', '3200.00', 9),
(109, 3, 'Bilet Geliri', '3300.00', 10),
(110, 3, 'Bilet Geliri', '3400.00', 11),
(111, 3, 'Bilet Geliri', '3100.00', 12),
(112, 3, 'Büfe Geliri', '2400.00', 1),
(113, 3, 'Büfe Geliri', '2500.00', 2),
(114, 3, 'Büfe Geliri', '2300.00', 3),
(115, 3, 'Büfe Geliri', '2400.00', 4),
(116, 3, 'Büfe Geliri', '2500.00', 5),
(117, 3, 'Büfe Geliri', '2300.00', 6),
(118, 3, 'Büfe Geliri', '2400.00', 7),
(119, 3, 'Büfe Geliri', '2500.00', 8),
(120, 3, 'Büfe Geliri', '2300.00', 9),
(121, 3, 'Büfe Geliri', '2400.00', 10),
(122, 3, 'Büfe Geliri', '2500.00', 11),
(123, 3, 'Büfe Geliri', '2200.00', 12),
(124, 3, 'Reklam ve Sponsorluk Geliri', '2000.00', 1),
(125, 3, 'Reklam ve Sponsorluk Geliri', '2100.00', 2),
(126, 3, 'Reklam ve Sponsorluk Geliri', '1900.00', 3),
(127, 3, 'Reklam ve Sponsorluk Geliri', '2000.00', 4),
(128, 3, 'Reklam ve Sponsorluk Geliri', '2100.00', 5),
(129, 3, 'Reklam ve Sponsorluk Geliri', '1900.00', 6),
(130, 3, 'Reklam ve Sponsorluk Geliri', '2000.00', 7),
(131, 3, 'Reklam ve Sponsorluk Geliri', '2100.00', 8),
(132, 3, 'Reklam ve Sponsorluk Geliri', '1900.00', 9),
(133, 3, 'Reklam ve Sponsorluk Geliri', '2000.00', 10),
(134, 3, 'Reklam ve Sponsorluk Geliri', '2100.00', 11),
(135, 3, 'Reklam ve Sponsorluk Geliri', '1800.00', 12),
(136, 4, 'Bilet Geliri', '10000.00', 1),
(137, 4, 'Bilet Geliri', '10100.00', 2),
(138, 4, 'Bilet Geliri', '9900.00', 3),
(139, 4, 'Bilet Geliri', '10000.00', 4),
(140, 4, 'Bilet Geliri', '10100.00', 5),
(141, 4, 'Bilet Geliri', '9900.00', 6),
(142, 4, 'Bilet Geliri', '10000.00', 7),
(143, 4, 'Bilet Geliri', '10100.00', 8),
(144, 4, 'Bilet Geliri', '9900.00', 9),
(145, 4, 'Bilet Geliri', '10000.00', 10),
(146, 4, 'Bilet Geliri', '10100.00', 11),
(147, 4, 'Bilet Geliri', '9700.00', 12),
(148, 4, 'Büfe Geliri', '7500.00', 1),
(149, 4, 'Büfe Geliri', '7600.00', 2),
(150, 4, 'Büfe Geliri', '7400.00', 3),
(151, 4, 'Büfe Geliri', '7500.00', 4),
(152, 4, 'Büfe Geliri', '7600.00', 5),
(153, 4, 'Büfe Geliri', '7400.00', 6),
(154, 4, 'Büfe Geliri', '7500.00', 7),
(155, 4, 'Büfe Geliri', '7600.00', 8),
(156, 4, 'Büfe Geliri', '7400.00', 9),
(157, 4, 'Büfe Geliri', '7500.00', 10),
(158, 4, 'Büfe Geliri', '7600.00', 11),
(159, 4, 'Büfe Geliri', '7300.00', 12),
(160, 4, 'Reklam ve Sponsorluk Geliri', '8300.00', 1),
(161, 4, 'Reklam ve Sponsorluk Geliri', '8400.00', 2),
(162, 4, 'Reklam ve Sponsorluk Geliri', '8200.00', 3),
(163, 4, 'Reklam ve Sponsorluk Geliri', '8300.00', 4),
(164, 4, 'Reklam ve Sponsorluk Geliri', '8400.00', 5),
(165, 4, 'Reklam ve Sponsorluk Geliri', '8200.00', 6),
(166, 4, 'Reklam ve Sponsorluk Geliri', '8300.00', 7),
(167, 4, 'Reklam ve Sponsorluk Geliri', '8400.00', 8),
(168, 4, 'Reklam ve Sponsorluk Geliri', '8200.00', 9),
(169, 4, 'Reklam ve Sponsorluk Geliri', '8300.00', 10),
(170, 4, 'Reklam ve Sponsorluk Geliri', '8400.00', 11),
(171, 4, 'Reklam ve Sponsorluk Geliri', '8100.00', 12),
(172, 5, 'Bilet Geliri', '5000.00', 1),
(173, 5, 'Bilet Geliri', '5100.00', 2),
(174, 5, 'Bilet Geliri', '4900.00', 3),
(175, 5, 'Bilet Geliri', '5000.00', 4),
(176, 5, 'Bilet Geliri', '5100.00', 5),
(177, 5, 'Bilet Geliri', '4900.00', 6),
(178, 5, 'Bilet Geliri', '5000.00', 7),
(179, 5, 'Bilet Geliri', '5100.00', 8),
(180, 5, 'Bilet Geliri', '4900.00', 9),
(181, 5, 'Bilet Geliri', '5000.00', 10),
(182, 5, 'Bilet Geliri', '5100.00', 11),
(183, 5, 'Bilet Geliri', '4800.00', 12),
(184, 5, 'Büfe Geliri', '3300.00', 1),
(185, 5, 'Büfe Geliri', '3400.00', 2),
(186, 5, 'Büfe Geliri', '3200.00', 3),
(187, 5, 'Büfe Geliri', '3300.00', 4),
(188, 5, 'Büfe Geliri', '3400.00', 5),
(189, 5, 'Büfe Geliri', '3200.00', 6),
(190, 5, 'Büfe Geliri', '3300.00', 7),
(191, 5, 'Büfe Geliri', '3400.00', 8),
(192, 5, 'Büfe Geliri', '3200.00', 9),
(193, 5, 'Büfe Geliri', '3300.00', 10),
(194, 5, 'Büfe Geliri', '3400.00', 11),
(195, 5, 'Büfe Geliri', '3100.00', 12),
(196, 5, 'Reklam ve Sponsorluk Geliri', '4500.00', 1),
(197, 5, 'Reklam ve Sponsorluk Geliri', '4600.00', 2),
(198, 5, 'Reklam ve Sponsorluk Geliri', '4400.00', 3),
(199, 5, 'Reklam ve Sponsorluk Geliri', '4500.00', 4),
(200, 5, 'Reklam ve Sponsorluk Geliri', '4600.00', 5),
(201, 5, 'Reklam ve Sponsorluk Geliri', '4400.00', 6),
(202, 5, 'Reklam ve Sponsorluk Geliri', '4500.00', 7),
(203, 5, 'Reklam ve Sponsorluk Geliri', '4600.00', 8),
(204, 5, 'Reklam ve Sponsorluk Geliri', '4400.00', 9),
(205, 5, 'Reklam ve Sponsorluk Geliri', '4500.00', 10),
(206, 5, 'Reklam ve Sponsorluk Geliri', '4600.00', 11),
(207, 5, 'Reklam ve Sponsorluk Geliri', '4300.00', 12),
(208, 6, 'Bilet Geliri', '10800.00', 1),
(209, 6, 'Bilet Geliri', '10900.00', 2),
(210, 6, 'Bilet Geliri', '10700.00', 3),
(211, 6, 'Bilet Geliri', '10800.00', 4),
(212, 6, 'Bilet Geliri', '10900.00', 5),
(213, 6, 'Bilet Geliri', '10700.00', 6),
(214, 6, 'Bilet Geliri', '10800.00', 7),
(215, 6, 'Bilet Geliri', '10900.00', 8),
(216, 6, 'Bilet Geliri', '10700.00', 9),
(217, 6, 'Bilet Geliri', '10800.00', 10),
(218, 6, 'Bilet Geliri', '10900.00', 11),
(219, 6, 'Bilet Geliri', '10500.00', 12),
(220, 6, 'Büfe Geliri', '7800.00', 1),
(221, 6, 'Büfe Geliri', '7900.00', 2),
(222, 6, 'Büfe Geliri', '7700.00', 3),
(223, 6, 'Büfe Geliri', '7800.00', 4),
(224, 6, 'Büfe Geliri', '7900.00', 5),
(225, 6, 'Büfe Geliri', '7700.00', 6),
(226, 6, 'Büfe Geliri', '7800.00', 7),
(227, 6, 'Büfe Geliri', '7900.00', 8),
(228, 6, 'Büfe Geliri', '7700.00', 9),
(229, 6, 'Büfe Geliri', '7800.00', 10),
(230, 6, 'Büfe Geliri', '7900.00', 11),
(231, 6, 'Büfe Geliri', '7600.00', 12),
(232, 6, 'Reklam ve Sponsorluk Geliri', '9100.00', 1),
(233, 6, 'Reklam ve Sponsorluk Geliri', '9200.00', 2),
(234, 6, 'Reklam ve Sponsorluk Geliri', '9000.00', 3),
(235, 6, 'Reklam ve Sponsorluk Geliri', '9100.00', 4),
(236, 6, 'Reklam ve Sponsorluk Geliri', '9200.00', 5),
(237, 6, 'Reklam ve Sponsorluk Geliri', '9000.00', 6),
(238, 6, 'Reklam ve Sponsorluk Geliri', '9100.00', 7),
(239, 6, 'Reklam ve Sponsorluk Geliri', '9200.00', 8),
(240, 6, 'Reklam ve Sponsorluk Geliri', '9000.00', 9),
(241, 6, 'Reklam ve Sponsorluk Geliri', '9100.00', 10),
(242, 6, 'Reklam ve Sponsorluk Geliri', '9200.00', 11),
(243, 6, 'Reklam ve Sponsorluk Geliri', '8900.00', 12),
(244, 7, 'Bilet Geliri', '10400.00', 1),
(245, 7, 'Bilet Geliri', '10500.00', 2),
(246, 7, 'Bilet Geliri', '10300.00', 3),
(247, 7, 'Bilet Geliri', '10400.00', 4),
(248, 7, 'Bilet Geliri', '10500.00', 5),
(249, 7, 'Bilet Geliri', '10300.00', 6),
(250, 7, 'Bilet Geliri', '10400.00', 7),
(251, 7, 'Bilet Geliri', '10500.00', 8),
(252, 7, 'Bilet Geliri', '10300.00', 9),
(253, 7, 'Bilet Geliri', '10400.00', 10),
(254, 7, 'Bilet Geliri', '10500.00', 11),
(255, 7, 'Bilet Geliri', '10200.00', 12),
(256, 7, 'Büfe Geliri', '8300.00', 1),
(257, 7, 'Büfe Geliri', '8400.00', 2),
(258, 7, 'Büfe Geliri', '8200.00', 3),
(259, 7, 'Büfe Geliri', '8300.00', 4),
(260, 7, 'Büfe Geliri', '8400.00', 5),
(261, 7, 'Büfe Geliri', '8200.00', 6),
(262, 7, 'Büfe Geliri', '8300.00', 7),
(263, 7, 'Büfe Geliri', '8400.00', 8),
(264, 7, 'Büfe Geliri', '8200.00', 9),
(265, 7, 'Büfe Geliri', '8300.00', 10),
(266, 7, 'Büfe Geliri', '8400.00', 11),
(267, 7, 'Büfe Geliri', '8100.00', 12),
(268, 7, 'Reklam ve Sponsorluk Geliri', '8700.00', 1),
(269, 7, 'Reklam ve Sponsorluk Geliri', '8800.00', 2),
(270, 7, 'Reklam ve Sponsorluk Geliri', '8600.00', 3),
(271, 7, 'Reklam ve Sponsorluk Geliri', '8700.00', 4),
(272, 7, 'Reklam ve Sponsorluk Geliri', '8800.00', 5),
(273, 7, 'Reklam ve Sponsorluk Geliri', '8600.00', 6),
(274, 7, 'Reklam ve Sponsorluk Geliri', '8700.00', 7),
(275, 7, 'Reklam ve Sponsorluk Geliri', '8800.00', 8),
(276, 7, 'Reklam ve Sponsorluk Geliri', '8600.00', 9),
(277, 7, 'Reklam ve Sponsorluk Geliri', '8700.00', 10),
(278, 7, 'Reklam ve Sponsorluk Geliri', '8800.00', 11),
(279, 7, 'Reklam ve Sponsorluk Geliri', '8500.00', 12),
(280, 8, 'Bilet Geliri', '2800.00', 1),
(281, 8, 'Bilet Geliri', '2900.00', 2),
(282, 8, 'Bilet Geliri', '2700.00', 3),
(283, 8, 'Bilet Geliri', '2800.00', 4),
(284, 8, 'Bilet Geliri', '2900.00', 5),
(285, 8, 'Bilet Geliri', '2700.00', 6),
(286, 8, 'Bilet Geliri', '2800.00', 7),
(287, 8, 'Bilet Geliri', '2900.00', 8),
(288, 8, 'Bilet Geliri', '2700.00', 9),
(289, 8, 'Bilet Geliri', '2800.00', 10),
(290, 8, 'Bilet Geliri', '2900.00', 11),
(291, 8, 'Bilet Geliri', '2600.00', 12),
(292, 8, 'Büfe Geliri', '2000.00', 1),
(293, 8, 'Büfe Geliri', '2100.00', 2),
(294, 8, 'Büfe Geliri', '1900.00', 3),
(295, 8, 'Büfe Geliri', '2000.00', 4),
(296, 8, 'Büfe Geliri', '2100.00', 5),
(297, 8, 'Büfe Geliri', '1900.00', 6),
(298, 8, 'Büfe Geliri', '2000.00', 7),
(299, 8, 'Büfe Geliri', '2100.00', 8),
(300, 8, 'Büfe Geliri', '1900.00', 9),
(301, 8, 'Büfe Geliri', '2000.00', 10),
(302, 8, 'Büfe Geliri', '2100.00', 11),
(303, 8, 'Büfe Geliri', '1800.00', 12),
(304, 8, 'Reklam ve Sponsorluk Geliri', '1500.00', 1),
(305, 8, 'Reklam ve Sponsorluk Geliri', '1600.00', 2),
(306, 8, 'Reklam ve Sponsorluk Geliri', '1400.00', 3),
(307, 8, 'Reklam ve Sponsorluk Geliri', '1500.00', 4),
(308, 8, 'Reklam ve Sponsorluk Geliri', '1600.00', 5),
(309, 8, 'Reklam ve Sponsorluk Geliri', '1400.00', 6),
(310, 8, 'Reklam ve Sponsorluk Geliri', '1500.00', 7),
(311, 8, 'Reklam ve Sponsorluk Geliri', '1600.00', 8),
(312, 8, 'Reklam ve Sponsorluk Geliri', '1400.00', 9),
(313, 8, 'Reklam ve Sponsorluk Geliri', '1500.00', 10),
(314, 8, 'Reklam ve Sponsorluk Geliri', '1600.00', 11),
(315, 8, 'Reklam ve Sponsorluk Geliri', '1300.00', 12),
(316, 9, 'Bilet Geliri', '5000.00', 1),
(317, 9, 'Bilet Geliri', '5100.00', 2),
(318, 9, 'Bilet Geliri', '4900.00', 3),
(319, 9, 'Bilet Geliri', '5000.00', 4),
(320, 9, 'Bilet Geliri', '5100.00', 5),
(321, 9, 'Bilet Geliri', '4900.00', 6),
(322, 9, 'Bilet Geliri', '5000.00', 7),
(323, 9, 'Bilet Geliri', '5100.00', 8),
(324, 9, 'Bilet Geliri', '4900.00', 9),
(325, 9, 'Bilet Geliri', '5000.00', 10),
(326, 9, 'Bilet Geliri', '5100.00', 11),
(327, 9, 'Bilet Geliri', '4800.00', 12),
(328, 9, 'Büfe Geliri', '4100.00', 1),
(329, 9, 'Büfe Geliri', '4200.00', 2),
(330, 9, 'Büfe Geliri', '4000.00', 3),
(331, 9, 'Büfe Geliri', '4100.00', 4),
(332, 9, 'Büfe Geliri', '4200.00', 5),
(333, 9, 'Büfe Geliri', '4000.00', 6),
(334, 9, 'Büfe Geliri', '4100.00', 7),
(335, 9, 'Büfe Geliri', '4200.00', 8),
(336, 9, 'Büfe Geliri', '4000.00', 9),
(337, 9, 'Büfe Geliri', '4100.00', 10),
(338, 9, 'Büfe Geliri', '4200.00', 11),
(339, 9, 'Büfe Geliri', '3900.00', 12),
(340, 9, 'Reklam ve Sponsorluk Geliri', '3700.00', 1),
(341, 9, 'Reklam ve Sponsorluk Geliri', '3800.00', 2),
(342, 9, 'Reklam ve Sponsorluk Geliri', '3600.00', 3),
(343, 9, 'Reklam ve Sponsorluk Geliri', '3700.00', 4),
(344, 9, 'Reklam ve Sponsorluk Geliri', '3800.00', 5),
(345, 9, 'Reklam ve Sponsorluk Geliri', '3600.00', 6),
(346, 9, 'Reklam ve Sponsorluk Geliri', '3700.00', 7),
(347, 9, 'Reklam ve Sponsorluk Geliri', '3800.00', 8),
(348, 9, 'Reklam ve Sponsorluk Geliri', '3600.00', 9),
(349, 9, 'Reklam ve Sponsorluk Geliri', '3700.00', 10),
(350, 9, 'Reklam ve Sponsorluk Geliri', '3800.00', 11),
(351, 9, 'Reklam ve Sponsorluk Geliri', '3500.00', 12);

-- --------------------------------------------------------

--
-- Tablo için tablo yapısı `gider`
--

CREATE TABLE `gider` (
  `gider_id` int(11) NOT NULL,
  `sinema_id` int(11) DEFAULT NULL,
  `gider_adi` varchar(255) DEFAULT NULL,
  `tutar` decimal(10,2) DEFAULT NULL,
  `ay` int(11) NOT NULL
) ENGINE=InnoDB DEFAULT CHARSET=utf8mb4 COLLATE=utf8mb4_0900_ai_ci;

--
-- Tablo döküm verisi `gider`
--

INSERT INTO `gider` (`gider_id`, `sinema_id`, `gider_adi`, `tutar`, `ay`) VALUES
(1, 1, 'Elektrik-Su Giderleri', '70000.00', 0),
(2, 1, 'Kira Gideri', '50000.00', 0),
(3, 1, 'Büfe Giderleri', '45000.00', 0),
(4, 1, 'Personel Gideri', '60000.00', 0),
(5, 2, 'Elektrik-Su Giderleri', '65000.00', 0),
(6, 2, 'Kira Gideri', '40000.00', 0),
(7, 2, 'Büfe Giderleri', '35000.00', 0),
(8, 2, 'Personel Gideri', '50000.00', 0),
(9, 3, 'Elektrik-Su Giderleri', '75000.00', 0),
(10, 3, 'Kira Gideri', '60000.00', 0),
(11, 3, 'Büfe Giderleri', '50000.00', 0),
(12, 3, 'Personel Gideri', '55000.00', 0),
(13, 4, 'Elektrik-Su Giderleri', '40000.00', 0),
(14, 4, 'Kira Gideri', '30000.00', 0),
(15, 4, 'Büfe Giderleri', '25000.00', 0),
(16, 4, 'Personel Gideri', '35000.00', 0),
(17, 5, 'Elektrik-Su Giderleri', '50000.00', 0),
(18, 5, 'Kira Gideri', '40000.00', 0),
(19, 5, 'Büfe Giderleri', '35000.00', 0),
(20, 5, 'Personel Gideri', '45000.00', 0),
(21, 6, 'Elektrik-Su Giderleri', '30000.00', 0),
(22, 6, 'Kira Gideri', '20000.00', 0),
(23, 6, 'Büfe Giderleri', '15000.00', 0),
(24, 6, 'Personel Gideri', '25000.00', 0),
(25, 7, 'Elektrik-Su Giderleri', '35000.00', 0),
(26, 7, 'Kira Gideri', '25000.00', 0),
(27, 7, 'Büfe Giderleri', '20000.00', 0),
(28, 7, 'Personel Gideri', '30000.00', 0),
(29, 8, 'Elektrik-Su Giderleri', '90000.00', 0),
(30, 8, 'Kira Gideri', '80000.00', 0),
(31, 8, 'Büfe Giderleri', '75000.00', 0),
(32, 8, 'Personel Gideri', '85000.00', 0),
(33, 9, 'Elektrik-Su Giderleri', '70000.00', 0),
(34, 9, 'Kira Gideri', '60000.00', 0),
(35, 9, 'Büfe Giderleri', '55000.00', 0),
(36, 9, 'Personel Gideri', '65000.00', 0),
(37, 1, 'Elektrik-Su Giderleri', '5800.00', 1),
(38, 1, 'Elektrik-Su Giderleri', '5900.00', 2),
(39, 1, 'Elektrik-Su Giderleri', '5700.00', 3),
(40, 1, 'Elektrik-Su Giderleri', '5800.00', 4),
(41, 1, 'Elektrik-Su Giderleri', '5900.00', 5),
(42, 1, 'Elektrik-Su Giderleri', '5700.00', 6),
(43, 1, 'Elektrik-Su Giderleri', '5800.00', 7),
(44, 1, 'Elektrik-Su Giderleri', '5900.00', 8),
(45, 1, 'Elektrik-Su Giderleri', '5700.00', 9),
(46, 1, 'Elektrik-Su Giderleri', '5800.00', 10),
(47, 1, 'Elektrik-Su Giderleri', '5900.00', 11),
(48, 1, 'Elektrik-Su Giderleri', '5600.00', 12),
(49, 1, 'Kira Gideri', '4100.00', 1),
(50, 1, 'Kira Gideri', '4200.00', 2),
(51, 1, 'Kira Gideri', '4000.00', 3),
(52, 1, 'Kira Gideri', '4100.00', 4),
(53, 1, 'Kira Gideri', '4200.00', 5),
(54, 1, 'Kira Gideri', '4000.00', 6),
(55, 1, 'Kira Gideri', '4100.00', 7),
(56, 1, 'Kira Gideri', '4200.00', 8),
(57, 1, 'Kira Gideri', '4000.00', 9),
(58, 1, 'Kira Gideri', '4100.00', 10),
(59, 1, 'Kira Gideri', '4200.00', 11),
(60, 1, 'Kira Gideri', '3900.00', 12),
(61, 1, 'Büfe Giderleri', '3700.00', 1),
(62, 1, 'Büfe Giderleri', '3800.00', 2),
(63, 1, 'Büfe Giderleri', '3600.00', 3),
(64, 1, 'Büfe Giderleri', '3700.00', 4),
(65, 1, 'Büfe Giderleri', '3800.00', 5),
(66, 1, 'Büfe Giderleri', '3600.00', 6),
(67, 1, 'Büfe Giderleri', '3700.00', 7),
(68, 1, 'Büfe Giderleri', '3800.00', 8),
(69, 1, 'Büfe Giderleri', '3600.00', 9),
(70, 1, 'Büfe Giderleri', '3700.00', 10),
(71, 1, 'Büfe Giderleri', '3800.00', 11),
(72, 1, 'Büfe Giderleri', '3500.00', 12),
(73, 1, 'Personel Gideri', '4900.00', 1),
(74, 1, 'Personel Gideri', '5000.00', 2),
(75, 1, 'Personel Gideri', '4800.00', 3),
(76, 1, 'Personel Gideri', '4900.00', 4),
(77, 1, 'Personel Gideri', '5000.00', 5),
(78, 1, 'Personel Gideri', '4800.00', 6),
(79, 1, 'Personel Gideri', '4900.00', 7),
(80, 1, 'Personel Gideri', '5000.00', 8),
(81, 1, 'Personel Gideri', '4800.00', 9),
(82, 1, 'Personel Gideri', '4900.00', 10),
(83, 1, 'Personel Gideri', '5000.00', 11),
(84, 1, 'Personel Gideri', '4700.00', 12),
(85, 2, 'Elektrik-Su Giderleri', '5400.00', 1),
(86, 2, 'Elektrik-Su Giderleri', '5500.00', 2),
(87, 2, 'Elektrik-Su Giderleri', '5300.00', 3),
(88, 2, 'Elektrik-Su Giderleri', '5400.00', 4),
(89, 2, 'Elektrik-Su Giderleri', '5500.00', 5),
(90, 2, 'Elektrik-Su Giderleri', '5300.00', 6),
(91, 2, 'Elektrik-Su Giderleri', '5400.00', 7),
(92, 2, 'Elektrik-Su Giderleri', '5500.00', 8),
(93, 2, 'Elektrik-Su Giderleri', '5300.00', 9),
(94, 2, 'Elektrik-Su Giderleri', '5400.00', 10),
(95, 2, 'Elektrik-Su Giderleri', '5500.00', 11),
(96, 2, 'Elektrik-Su Giderleri', '5200.00', 12),
(97, 2, 'Kira Gideri', '3300.00', 1),
(98, 2, 'Kira Gideri', '3400.00', 2),
(99, 2, 'Kira Gideri', '3200.00', 3),
(100, 2, 'Kira Gideri', '3300.00', 4),
(101, 2, 'Kira Gideri', '3400.00', 5),
(102, 2, 'Kira Gideri', '3200.00', 6),
(103, 2, 'Kira Gideri', '3300.00', 7),
(104, 2, 'Kira Gideri', '3400.00', 8),
(105, 2, 'Kira Gideri', '3200.00', 9),
(106, 2, 'Kira Gideri', '3300.00', 10),
(107, 2, 'Kira Gideri', '3400.00', 11),
(108, 2, 'Kira Gideri', '3100.00', 12),
(109, 2, 'Büfe Giderleri', '2900.00', 1),
(110, 2, 'Büfe Giderleri', '3000.00', 2),
(111, 2, 'Büfe Giderleri', '2800.00', 3),
(112, 2, 'Büfe Giderleri', '2900.00', 4),
(113, 2, 'Büfe Giderleri', '3000.00', 5),
(114, 2, 'Büfe Giderleri', '2800.00', 6),
(115, 2, 'Büfe Giderleri', '2900.00', 7),
(116, 2, 'Büfe Giderleri', '3000.00', 8),
(117, 2, 'Büfe Giderleri', '2800.00', 9),
(118, 2, 'Büfe Giderleri', '2900.00', 10),
(119, 2, 'Büfe Giderleri', '3000.00', 11),
(120, 2, 'Büfe Giderleri', '2700.00', 12),
(121, 2, 'Personel Gideri', '4100.00', 1),
(122, 2, 'Personel Gideri', '4200.00', 2),
(123, 2, 'Personel Gideri', '4000.00', 3),
(124, 2, 'Personel Gideri', '4100.00', 4),
(125, 2, 'Personel Gideri', '4200.00', 5),
(126, 2, 'Personel Gideri', '4000.00', 6),
(127, 2, 'Personel Gideri', '4100.00', 7),
(128, 2, 'Personel Gideri', '4200.00', 8),
(129, 2, 'Personel Gideri', '4000.00', 9),
(130, 2, 'Personel Gideri', '4100.00', 10),
(131, 2, 'Personel Gideri', '4200.00', 11),
(132, 2, 'Personel Gideri', '3900.00', 12),
(133, 3, 'Elektrik-Su Giderleri', '6300.00', 1),
(134, 3, 'Elektrik-Su Giderleri', '6400.00', 2),
(135, 3, 'Elektrik-Su Giderleri', '6200.00', 3),
(136, 3, 'Elektrik-Su Giderleri', '6300.00', 4),
(137, 3, 'Elektrik-Su Giderleri', '6400.00', 5),
(138, 3, 'Elektrik-Su Giderleri', '6200.00', 6),
(139, 3, 'Elektrik-Su Giderleri', '6300.00', 7),
(140, 3, 'Elektrik-Su Giderleri', '6400.00', 8),
(141, 3, 'Elektrik-Su Giderleri', '6200.00', 9),
(142, 3, 'Elektrik-Su Giderleri', '6300.00', 10),
(143, 3, 'Elektrik-Su Giderleri', '6400.00', 11),
(144, 3, 'Elektrik-Su Giderleri', '6100.00', 12),
(145, 3, 'Kira Gideri', '5000.00', 1),
(146, 3, 'Kira Gideri', '5100.00', 2),
(147, 3, 'Kira Gideri', '4900.00', 3),
(148, 3, 'Kira Gideri', '5000.00', 4),
(149, 3, 'Kira Gideri', '5100.00', 5),
(150, 3, 'Kira Gideri', '4900.00', 6),
(151, 3, 'Kira Gideri', '5000.00', 7),
(152, 3, 'Kira Gideri', '5100.00', 8),
(153, 3, 'Kira Gideri', '4900.00', 9),
(154, 3, 'Kira Gideri', '5000.00', 10),
(155, 3, 'Kira Gideri', '5100.00', 11),
(156, 3, 'Kira Gideri', '4800.00', 12),
(157, 3, 'Büfe Giderleri', '4100.00', 1),
(158, 3, 'Büfe Giderleri', '4200.00', 2),
(159, 3, 'Büfe Giderleri', '4000.00', 3),
(160, 3, 'Büfe Giderleri', '4100.00', 4),
(161, 3, 'Büfe Giderleri', '4200.00', 5),
(162, 3, 'Büfe Giderleri', '4000.00', 6),
(163, 3, 'Büfe Giderleri', '4100.00', 7),
(164, 3, 'Büfe Giderleri', '4200.00', 8),
(165, 3, 'Büfe Giderleri', '4000.00', 9),
(166, 3, 'Büfe Giderleri', '4100.00', 10),
(167, 3, 'Büfe Giderleri', '4200.00', 11),
(168, 3, 'Büfe Giderleri', '3900.00', 12),
(169, 3, 'Personel Gideri', '4500.00', 1),
(170, 3, 'Personel Gideri', '4600.00', 2),
(171, 3, 'Personel Gideri', '4400.00', 3),
(172, 3, 'Personel Gideri', '4500.00', 4),
(173, 3, 'Personel Gideri', '4600.00', 5),
(174, 3, 'Personel Gideri', '4400.00', 6),
(175, 3, 'Personel Gideri', '4500.00', 7),
(176, 3, 'Personel Gideri', '4600.00', 8),
(177, 3, 'Personel Gideri', '4400.00', 9),
(178, 3, 'Personel Gideri', '4500.00', 10),
(179, 3, 'Personel Gideri', '4600.00', 11),
(180, 3, 'Personel Gideri', '4300.00', 12),
(181, 4, 'Elektrik-Su Giderleri', '3300.00', 1),
(182, 4, 'Elektrik-Su Giderleri', '3400.00', 2),
(183, 4, 'Elektrik-Su Giderleri', '3200.00', 3),
(184, 4, 'Elektrik-Su Giderleri', '3300.00', 4),
(185, 4, 'Elektrik-Su Giderleri', '3400.00', 5),
(186, 4, 'Elektrik-Su Giderleri', '3200.00', 6),
(187, 4, 'Elektrik-Su Giderleri', '3300.00', 7),
(188, 4, 'Elektrik-Su Giderleri', '3400.00', 8),
(189, 4, 'Elektrik-Su Giderleri', '3200.00', 9),
(190, 4, 'Elektrik-Su Giderleri', '3300.00', 10),
(191, 4, 'Elektrik-Su Giderleri', '3400.00', 11),
(192, 4, 'Elektrik-Su Giderleri', '3100.00', 12),
(193, 4, 'Kira Gideri', '2500.00', 1),
(194, 4, 'Kira Gideri', '2600.00', 2),
(195, 4, 'Kira Gideri', '2400.00', 3),
(196, 4, 'Kira Gideri', '2500.00', 4),
(197, 4, 'Kira Gideri', '2600.00', 5),
(198, 4, 'Kira Gideri', '2400.00', 6),
(199, 4, 'Kira Gideri', '2500.00', 7),
(200, 4, 'Kira Gideri', '2600.00', 8),
(201, 4, 'Kira Gideri', '2400.00', 9),
(202, 4, 'Kira Gideri', '2500.00', 10),
(203, 4, 'Kira Gideri', '2600.00', 11),
(204, 4, 'Kira Gideri', '2300.00', 12),
(205, 4, 'Büfe Giderleri', '2100.00', 1),
(206, 4, 'Büfe Giderleri', '2200.00', 2),
(207, 4, 'Büfe Giderleri', '2000.00', 3),
(208, 4, 'Büfe Giderleri', '2100.00', 4),
(209, 4, 'Büfe Giderleri', '2200.00', 5),
(210, 4, 'Büfe Giderleri', '2000.00', 6),
(211, 4, 'Büfe Giderleri', '2100.00', 7),
(212, 4, 'Büfe Giderleri', '2200.00', 8),
(213, 4, 'Büfe Giderleri', '2000.00', 9),
(214, 4, 'Büfe Giderleri', '2100.00', 10),
(215, 4, 'Büfe Giderleri', '2200.00', 11),
(216, 4, 'Büfe Giderleri', '1900.00', 12),
(217, 4, 'Personel Gideri', '3100.00', 1),
(218, 4, 'Personel Gideri', '3200.00', 2),
(219, 4, 'Personel Gideri', '3000.00', 3),
(220, 4, 'Personel Gideri', '3100.00', 4),
(221, 4, 'Personel Gideri', '3200.00', 5),
(222, 4, 'Personel Gideri', '3000.00', 6),
(223, 4, 'Personel Gideri', '3100.00', 7),
(224, 4, 'Personel Gideri', '3200.00', 8),
(225, 4, 'Personel Gideri', '3000.00', 9),
(226, 4, 'Personel Gideri', '3100.00', 10),
(227, 4, 'Personel Gideri', '3200.00', 11),
(228, 4, 'Personel Gideri', '2900.00', 12),
(229, 5, 'Elektrik-Su Giderleri', '4100.00', 1),
(230, 5, 'Elektrik-Su Giderleri', '4200.00', 2),
(231, 5, 'Elektrik-Su Giderleri', '4000.00', 3),
(232, 5, 'Elektrik-Su Giderleri', '4100.00', 4),
(233, 5, 'Elektrik-Su Giderleri', '4200.00', 5),
(234, 5, 'Elektrik-Su Giderleri', '4000.00', 6),
(235, 5, 'Elektrik-Su Giderleri', '4100.00', 7),
(236, 5, 'Elektrik-Su Giderleri', '4200.00', 8),
(237, 5, 'Elektrik-Su Giderleri', '4000.00', 9),
(238, 5, 'Elektrik-Su Giderleri', '4100.00', 10),
(239, 5, 'Elektrik-Su Giderleri', '4200.00', 11),
(240, 5, 'Elektrik-Su Giderleri', '3900.00', 12),
(241, 5, 'Kira Gideri', '3300.00', 1),
(242, 5, 'Kira Gideri', '3400.00', 2),
(243, 5, 'Kira Gideri', '3200.00', 3),
(244, 5, 'Kira Gideri', '3300.00', 4),
(245, 5, 'Kira Gideri', '3400.00', 5),
(246, 5, 'Kira Gideri', '3200.00', 6),
(247, 5, 'Kira Gideri', '3300.00', 7),
(248, 5, 'Kira Gideri', '3400.00', 8),
(249, 5, 'Kira Gideri', '3200.00', 9),
(250, 5, 'Kira Gideri', '3300.00', 10),
(251, 5, 'Kira Gideri', '3400.00', 11),
(252, 5, 'Kira Gideri', '3100.00', 12),
(253, 5, 'Büfe Giderleri', '2900.00', 1),
(254, 5, 'Büfe Giderleri', '3000.00', 2),
(255, 5, 'Büfe Giderleri', '2800.00', 3),
(256, 5, 'Büfe Giderleri', '2900.00', 4),
(257, 5, 'Büfe Giderleri', '3000.00', 5),
(258, 5, 'Büfe Giderleri', '2800.00', 6),
(259, 5, 'Büfe Giderleri', '2900.00', 7),
(260, 5, 'Büfe Giderleri', '3000.00', 8),
(261, 5, 'Büfe Giderleri', '2800.00', 9),
(262, 5, 'Büfe Giderleri', '2900.00', 10),
(263, 5, 'Büfe Giderleri', '3000.00', 11),
(264, 5, 'Büfe Giderleri', '2700.00', 12),
(265, 5, 'Personel Gideri', '4100.00', 1),
(266, 5, 'Personel Gideri', '4200.00', 2),
(267, 5, 'Personel Gideri', '4000.00', 3),
(268, 5, 'Personel Gideri', '4100.00', 4),
(269, 5, 'Personel Gideri', '4200.00', 5),
(270, 5, 'Personel Gideri', '4000.00', 6),
(271, 5, 'Personel Gideri', '4100.00', 7),
(272, 5, 'Personel Gideri', '4200.00', 8),
(273, 5, 'Personel Gideri', '4000.00', 9),
(274, 5, 'Personel Gideri', '4100.00', 10),
(275, 5, 'Personel Gideri', '4200.00', 11),
(276, 5, 'Personel Gideri', '3900.00', 12),
(277, 6, 'Elektrik-Su Giderleri', '2500.00', 1),
(278, 6, 'Elektrik-Su Giderleri', '2600.00', 2),
(279, 6, 'Elektrik-Su Giderleri', '2400.00', 3),
(280, 6, 'Elektrik-Su Giderleri', '2500.00', 4),
(281, 6, 'Elektrik-Su Giderleri', '2600.00', 5),
(282, 6, 'Elektrik-Su Giderleri', '2400.00', 6),
(283, 6, 'Elektrik-Su Giderleri', '2500.00', 7),
(284, 6, 'Elektrik-Su Giderleri', '2600.00', 8),
(285, 6, 'Elektrik-Su Giderleri', '2400.00', 9),
(286, 6, 'Elektrik-Su Giderleri', '2500.00', 10),
(287, 6, 'Elektrik-Su Giderleri', '2600.00', 11),
(288, 6, 'Elektrik-Su Giderleri', '2300.00', 12),
(289, 6, 'Kira Gideri', '1800.00', 1),
(290, 6, 'Kira Gideri', '1900.00', 2),
(291, 6, 'Kira Gideri', '1700.00', 3),
(292, 6, 'Kira Gideri', '1800.00', 4),
(293, 6, 'Kira Gideri', '1900.00', 5),
(294, 6, 'Kira Gideri', '1700.00', 6),
(295, 6, 'Kira Gideri', '1800.00', 7),
(296, 6, 'Kira Gideri', '1900.00', 8),
(297, 6, 'Kira Gideri', '1700.00', 9),
(298, 6, 'Kira Gideri', '1800.00', 10),
(299, 6, 'Kira Gideri', '1900.00', 11),
(300, 6, 'Kira Gideri', '1600.00', 12),
(301, 6, 'Büfe Giderleri', '1300.00', 1),
(302, 6, 'Büfe Giderleri', '1400.00', 2),
(303, 6, 'Büfe Giderleri', '1200.00', 3),
(304, 6, 'Büfe Giderleri', '1300.00', 4),
(305, 6, 'Büfe Giderleri', '1400.00', 5),
(306, 6, 'Büfe Giderleri', '1200.00', 6),
(307, 6, 'Büfe Giderleri', '1300.00', 7),
(308, 6, 'Büfe Giderleri', '1400.00', 8),
(309, 6, 'Büfe Giderleri', '1200.00', 9),
(310, 6, 'Büfe Giderleri', '1300.00', 10),
(311, 6, 'Büfe Giderleri', '1400.00', 11),
(312, 6, 'Büfe Giderleri', '1100.00', 12),
(313, 6, 'Personel Gideri', '2100.00', 1),
(314, 6, 'Personel Gideri', '2200.00', 2),
(315, 6, 'Personel Gideri', '2000.00', 3),
(316, 6, 'Personel Gideri', '2100.00', 4),
(317, 6, 'Personel Gideri', '2200.00', 5),
(318, 6, 'Personel Gideri', '2000.00', 6),
(319, 6, 'Personel Gideri', '2100.00', 7),
(320, 6, 'Personel Gideri', '2200.00', 8),
(321, 6, 'Personel Gideri', '2000.00', 9),
(322, 6, 'Personel Gideri', '2100.00', 10),
(323, 6, 'Personel Gideri', '2200.00', 11),
(324, 6, 'Personel Gideri', '1900.00', 12),
(325, 7, 'Elektrik-Su Giderleri', '2900.00', 1),
(326, 7, 'Elektrik-Su Giderleri', '3000.00', 2),
(327, 7, 'Elektrik-Su Giderleri', '2800.00', 3),
(328, 7, 'Elektrik-Su Giderleri', '2900.00', 4),
(329, 7, 'Elektrik-Su Giderleri', '3000.00', 5),
(330, 7, 'Elektrik-Su Giderleri', '2800.00', 6),
(331, 7, 'Elektrik-Su Giderleri', '2900.00', 7),
(332, 7, 'Elektrik-Su Giderleri', '3000.00', 8),
(333, 7, 'Elektrik-Su Giderleri', '2800.00', 9),
(334, 7, 'Elektrik-Su Giderleri', '2900.00', 10),
(335, 7, 'Elektrik-Su Giderleri', '3000.00', 11),
(336, 7, 'Elektrik-Su Giderleri', '2700.00', 12),
(337, 7, 'Kira Gideri', '2200.00', 1),
(338, 7, 'Kira Gideri', '2300.00', 2),
(339, 7, 'Kira Gideri', '2100.00', 3),
(340, 7, 'Kira Gideri', '2200.00', 4),
(341, 7, 'Kira Gideri', '2300.00', 5),
(342, 7, 'Kira Gideri', '2100.00', 6),
(343, 7, 'Kira Gideri', '2200.00', 7),
(344, 7, 'Kira Gideri', '2300.00', 8),
(345, 7, 'Kira Gideri', '2100.00', 9),
(346, 7, 'Kira Gideri', '2200.00', 10),
(347, 7, 'Kira Gideri', '2300.00', 11),
(348, 7, 'Kira Gideri', '2000.00', 12),
(349, 7, 'Büfe Giderleri', '1700.00', 1),
(350, 7, 'Büfe Giderleri', '1800.00', 2),
(351, 7, 'Büfe Giderleri', '1600.00', 3),
(352, 7, 'Büfe Giderleri', '1700.00', 4),
(353, 7, 'Büfe Giderleri', '1800.00', 5),
(354, 7, 'Büfe Giderleri', '1600.00', 6),
(355, 7, 'Büfe Giderleri', '1700.00', 7),
(356, 7, 'Büfe Giderleri', '1800.00', 8),
(357, 7, 'Büfe Giderleri', '1600.00', 9),
(358, 7, 'Büfe Giderleri', '1700.00', 10),
(359, 7, 'Büfe Giderleri', '1800.00', 11),
(360, 7, 'Büfe Giderleri', '1500.00', 12),
(361, 7, 'Personel Gideri', '2500.00', 1),
(362, 7, 'Personel Gideri', '2600.00', 2),
(363, 7, 'Personel Gideri', '2400.00', 3),
(364, 7, 'Personel Gideri', '2500.00', 4),
(365, 7, 'Personel Gideri', '2600.00', 5),
(366, 7, 'Personel Gideri', '2400.00', 6),
(367, 7, 'Personel Gideri', '2500.00', 7),
(368, 7, 'Personel Gideri', '2600.00', 8),
(369, 7, 'Personel Gideri', '2400.00', 9),
(370, 7, 'Personel Gideri', '2500.00', 10),
(371, 7, 'Personel Gideri', '2600.00', 11),
(372, 7, 'Personel Gideri', '2300.00', 12),
(373, 8, 'Elektrik-Su Giderleri', '7500.00', 1),
(374, 8, 'Elektrik-Su Giderleri', '7600.00', 2),
(375, 8, 'Elektrik-Su Giderleri', '7400.00', 3),
(376, 8, 'Elektrik-Su Giderleri', '7500.00', 4),
(377, 8, 'Elektrik-Su Giderleri', '7600.00', 5),
(378, 8, 'Elektrik-Su Giderleri', '7400.00', 6),
(379, 8, 'Elektrik-Su Giderleri', '7500.00', 7),
(380, 8, 'Elektrik-Su Giderleri', '7600.00', 8),
(381, 8, 'Elektrik-Su Giderleri', '7400.00', 9),
(382, 8, 'Elektrik-Su Giderleri', '7500.00', 10),
(383, 8, 'Elektrik-Su Giderleri', '7600.00', 11),
(384, 8, 'Elektrik-Su Giderleri', '7300.00', 12),
(385, 8, 'Kira Gideri', '6600.00', 1),
(386, 8, 'Kira Gideri', '6700.00', 2),
(387, 8, 'Kira Gideri', '6500.00', 3),
(388, 8, 'Kira Gideri', '6600.00', 4),
(389, 8, 'Kira Gideri', '6700.00', 5),
(390, 8, 'Kira Gideri', '6500.00', 6),
(391, 8, 'Kira Gideri', '6600.00', 7),
(392, 8, 'Kira Gideri', '6700.00', 8),
(393, 8, 'Kira Gideri', '6500.00', 9),
(394, 8, 'Kira Gideri', '6600.00', 10),
(395, 8, 'Kira Gideri', '6700.00', 11),
(396, 8, 'Kira Gideri', '6400.00', 12),
(397, 8, 'Büfe Giderleri', '6200.00', 1),
(398, 8, 'Büfe Giderleri', '6300.00', 2),
(399, 8, 'Büfe Giderleri', '6100.00', 3),
(400, 8, 'Büfe Giderleri', '6200.00', 4),
(401, 8, 'Büfe Giderleri', '6300.00', 5),
(402, 8, 'Büfe Giderleri', '6100.00', 6),
(403, 8, 'Büfe Giderleri', '6200.00', 7),
(404, 8, 'Büfe Giderleri', '6300.00', 8),
(405, 8, 'Büfe Giderleri', '6100.00', 9),
(406, 8, 'Büfe Giderleri', '6200.00', 10),
(407, 8, 'Büfe Giderleri', '6300.00', 11),
(408, 8, 'Büfe Giderleri', '6000.00', 12),
(409, 8, 'Personel Gideri', '7000.00', 1),
(410, 8, 'Personel Gideri', '7100.00', 2),
(411, 8, 'Personel Gideri', '6900.00', 3),
(412, 8, 'Personel Gideri', '7000.00', 4),
(413, 8, 'Personel Gideri', '7100.00', 5),
(414, 8, 'Personel Gideri', '6900.00', 6),
(415, 8, 'Personel Gideri', '7000.00', 7),
(416, 8, 'Personel Gideri', '7100.00', 8),
(417, 8, 'Personel Gideri', '6900.00', 9),
(418, 8, 'Personel Gideri', '7000.00', 10),
(419, 8, 'Personel Gideri', '7100.00', 11),
(420, 8, 'Personel Gideri', '6800.00', 12),
(421, 9, 'Elektrik-Su Giderleri', '5800.00', 1),
(422, 9, 'Elektrik-Su Giderleri', '5900.00', 2),
(423, 9, 'Elektrik-Su Giderleri', '5700.00', 3),
(424, 9, 'Elektrik-Su Giderleri', '5800.00', 4),
(425, 9, 'Elektrik-Su Giderleri', '5900.00', 5),
(426, 9, 'Elektrik-Su Giderleri', '5700.00', 6),
(427, 9, 'Elektrik-Su Giderleri', '5800.00', 7),
(428, 9, 'Elektrik-Su Giderleri', '5900.00', 8),
(429, 9, 'Elektrik-Su Giderleri', '5700.00', 9),
(430, 9, 'Elektrik-Su Giderleri', '5800.00', 10),
(431, 9, 'Elektrik-Su Giderleri', '5900.00', 11),
(432, 9, 'Elektrik-Su Giderleri', '5600.00', 12),
(433, 9, 'Kira Gideri', '5000.00', 1),
(434, 9, 'Kira Gideri', '5100.00', 2),
(435, 9, 'Kira Gideri', '4900.00', 3),
(436, 9, 'Elektrik-Su Giderleri', '5800.00', 1),
(437, 9, 'Elektrik-Su Giderleri', '5900.00', 2),
(438, 9, 'Elektrik-Su Giderleri', '5700.00', 3),
(439, 9, 'Elektrik-Su Giderleri', '5800.00', 4),
(440, 9, 'Elektrik-Su Giderleri', '5900.00', 5),
(441, 9, 'Elektrik-Su Giderleri', '5700.00', 6),
(442, 9, 'Elektrik-Su Giderleri', '5800.00', 7),
(443, 9, 'Elektrik-Su Giderleri', '5900.00', 8),
(444, 9, 'Elektrik-Su Giderleri', '5700.00', 9),
(445, 9, 'Elektrik-Su Giderleri', '5800.00', 10),
(446, 9, 'Elektrik-Su Giderleri', '5900.00', 11),
(447, 9, 'Elektrik-Su Giderleri', '5600.00', 12),
(448, 9, 'Kira Gideri', '5000.00', 1),
(449, 9, 'Kira Gideri', '5100.00', 2),
(450, 9, 'Kira Gideri', '4900.00', 3),
(451, 9, 'Kira Gideri', '5000.00', 4),
(452, 9, 'Kira Gideri', '5100.00', 5),
(453, 9, 'Kira Gideri', '4900.00', 6),
(454, 9, 'Kira Gideri', '5000.00', 7),
(455, 9, 'Kira Gideri', '5100.00', 8),
(456, 9, 'Kira Gideri', '4900.00', 9),
(457, 9, 'Kira Gideri', '5000.00', 10),
(458, 9, 'Kira Gideri', '5100.00', 11),
(459, 9, 'Kira Gideri', '4800.00', 12),
(460, 9, 'Büfe Giderleri', '4600.00', 1),
(461, 9, 'Büfe Giderleri', '4700.00', 2),
(462, 9, 'Büfe Giderleri', '4500.00', 3),
(463, 9, 'Büfe Giderleri', '4600.00', 4),
(464, 9, 'Büfe Giderleri', '4700.00', 5),
(465, 9, 'Büfe Giderleri', '4500.00', 6),
(466, 9, 'Büfe Giderleri', '4600.00', 7),
(467, 9, 'Büfe Giderleri', '4700.00', 8),
(468, 9, 'Büfe Giderleri', '4500.00', 9),
(469, 9, 'Büfe Giderleri', '4600.00', 10),
(470, 9, 'Büfe Giderleri', '4700.00', 11),
(471, 9, 'Büfe Giderleri', '4400.00', 12),
(472, 9, 'Personel Gideri', '5100.00', 1),
(473, 9, 'Personel Gideri', '5200.00', 2),
(474, 9, 'Personel Gideri', '5000.00', 3),
(475, 9, 'Personel Gideri', '5100.00', 4),
(476, 9, 'Personel Gideri', '5200.00', 5),
(477, 9, 'Personel Gideri', '5000.00', 6),
(478, 9, 'Personel Gideri', '5100.00', 7),
(479, 9, 'Personel Gideri', '5200.00', 8),
(480, 9, 'Personel Gideri', '5000.00', 9),
(481, 9, 'Personel Gideri', '5100.00', 10),
(482, 9, 'Personel Gideri', '5200.00', 11),
(483, 9, 'Personel Gideri', '4900.00', 12);

-- --------------------------------------------------------

--
-- Tablo için tablo yapısı `notlar`
--

CREATE TABLE `notlar` (
  `not_id` int(11) NOT NULL,
  `icerik` text NOT NULL,
  `tarih` datetime DEFAULT CURRENT_TIMESTAMP
) ENGINE=InnoDB DEFAULT CHARSET=utf8mb4 COLLATE=utf8mb4_0900_ai_ci;

--
-- Tablo döküm verisi `notlar`
--

INSERT INTO `notlar` (`not_id`, `icerik`, `tarih`) VALUES
(3, 'İzmirpark işletmesinin son dönemlerdeki kar oranları çok düşük! İşletmenin ek ürün satışını en az %20 arttırması gerekiyor. Bu konuda şube mesul müdürüyle görüş.', '2024-12-30 17:42:55'),
(4, 'Reklam ve sponsorluk anlaşmaları için yıllık genel toplantı 13 Ocak Pazartesi günü olacak.', '2024-12-30 17:43:49'),
(5, 'Yeni filmin galası için yapımcıyla görüşme 13.00', '2024-12-30 17:44:59'),
(8, 'Son performanslarına göre şu anki yönetici adayları: Zeynep Yıldız, Ömer Güneş, Ali Şahin.', '2024-12-31 06:53:16'),
(10, 'Gala için oyuncuların ulaşımını sağlayacak kişiyi ara!dada', '2024-12-31 13:00:06');

-- --------------------------------------------------------

--
-- Tablo için tablo yapısı `personel`
--

CREATE TABLE `personel` (
  `personel_id` int(11) NOT NULL,
  `ad_soyad` varchar(255) NOT NULL,
  `sinema_id` int(11) DEFAULT NULL
) ENGINE=InnoDB DEFAULT CHARSET=utf8mb4 COLLATE=utf8mb4_0900_ai_ci;

--
-- Tablo döküm verisi `personel`
--

INSERT INTO `personel` (`personel_id`, `ad_soyad`, `sinema_id`) VALUES
(1, 'Ali Yılmaz', 1),
(2, 'Ayşe Demir', 1),
(3, 'Mehmet Kara', 1),
(4, 'Fatma Çelik', 1),
(5, 'Cem Aksoy', 1),
(6, 'Zeynep Yıldız', 1),
(7, 'Ahmet Erdem', 1),
(8, 'Hülya Şahin', 2),
(9, 'Emre Bulut', 2),
(10, 'Burcu Korkmaz', 2),
(11, 'Yusuf Öztürk', 2),
(12, 'Elif Doğan', 2),
(13, 'Selim Arslan', 2),
(14, 'Ece Polat', 2),
(15, 'Ömer Güneş', 3),
(16, 'Melis Aksoy', 3),
(17, 'Ali Şahin', 3),
(18, 'Ayşe Bulut', 3),
(19, 'Mehmet Korkmaz', 3),
(20, 'Fatma Koç', 3),
(21, 'Cem Öztürk', 3),
(22, 'Zeynep Yıldız', 4),
(23, 'Ahmet Doğan', 4),
(24, 'Hülya Arslan', 4),
(25, 'Emre Polat', 4),
(26, 'Burcu Güneş', 4),
(27, 'Yusuf Şahin', 4),
(28, 'Elif Bulut', 4),
(29, 'Selim Korkmaz', 5),
(30, 'Ece Koç', 5),
(31, 'Ömer Öztürk', 5),
(32, 'Melis Doğan', 5),
(33, 'Ali Arslan', 5),
(34, 'Ayşe Polat', 5),
(35, 'Mehmet Güneş', 5),
(36, 'Fatma Şahin', 6),
(37, 'Cem Bulut', 6),
(38, 'Zeynep Korkmaz', 6),
(39, 'Ahmet Koç', 6),
(40, 'Hülya Öztürk', 6),
(41, 'Emre Doğan', 6),
(42, 'Burcu Arslan', 6),
(43, 'Yusuf Polat', 7),
(44, 'Elif Güneş', 7),
(45, 'Selim Şahin', 7),
(46, 'Ece Bulut', 7),
(47, 'Ömer Korkmaz', 7),
(48, 'Melis Koç', 7),
(49, 'Ali Öztürk', 7),
(50, 'Ayşe Doğan', 8),
(51, 'Mehmet Arslan', 8),
(52, 'Fatma Polat', 8),
(53, 'Cem Güneş', 8),
(54, 'Zeynep Şahin', 8),
(55, 'Ahmet Bulut', 8),
(56, 'Hülya Korkmaz', 8),
(57, 'Emre Koç', 9),
(58, 'Burcu Öztürk', 9),
(59, 'Yusuf Doğan', 9),
(60, 'Elif Arslan', 9),
(61, 'Selim Polat', 9),
(62, 'Ece Güneş', 9),
(63, 'Ömer Şahin', 9);

-- --------------------------------------------------------

--
-- Tablo için tablo yapısı `sinema`
--

CREATE TABLE `sinema` (
  `sinema_id` int(11) NOT NULL,
  `sinema_adi` varchar(255) NOT NULL,
  `lokasyon` varchar(255) NOT NULL
) ENGINE=InnoDB DEFAULT CHARSET=utf8mb4 COLLATE=utf8mb4_0900_ai_ci;

--
-- Tablo döküm verisi `sinema`
--

INSERT INTO `sinema` (`sinema_id`, `sinema_adi`, `lokasyon`) VALUES
(1, 'Bodrum Midtown', 'Bodrum'),
(2, 'Forum Bornova', 'Bornova'),
(3, 'İzmirpark', 'Karşıyaka'),
(4, 'Hilltown', 'Karşıyaka'),
(5, 'Konak Pier', 'Konak'),
(6, 'Mavibahçe', 'Karşıyaka'),
(7, 'Optimum', 'Gaziemir'),
(8, 'Park Afyon', 'Afyon'),
(9, 'Point Bornova', 'Bornova');

--
-- Dökümü yapılmış tablolar için indeksler
--

--
-- Tablo için indeksler `gelir`
--
ALTER TABLE `gelir`
  ADD PRIMARY KEY (`gelir_id`),
  ADD KEY `sinema_id` (`sinema_id`);

--
-- Tablo için indeksler `gider`
--
ALTER TABLE `gider`
  ADD PRIMARY KEY (`gider_id`),
  ADD KEY `sinema_id` (`sinema_id`);

--
-- Tablo için indeksler `notlar`
--
ALTER TABLE `notlar`
  ADD PRIMARY KEY (`not_id`);

--
-- Tablo için indeksler `personel`
--
ALTER TABLE `personel`
  ADD PRIMARY KEY (`personel_id`),
  ADD KEY `sinema_id` (`sinema_id`);

--
-- Tablo için indeksler `sinema`
--
ALTER TABLE `sinema`
  ADD PRIMARY KEY (`sinema_id`);

--
-- Dökümü yapılmış tablolar için AUTO_INCREMENT değeri
--

--
-- Tablo için AUTO_INCREMENT değeri `gelir`
--
ALTER TABLE `gelir`
  MODIFY `gelir_id` int(11) NOT NULL AUTO_INCREMENT, AUTO_INCREMENT=352;

--
-- Tablo için AUTO_INCREMENT değeri `gider`
--
ALTER TABLE `gider`
  MODIFY `gider_id` int(11) NOT NULL AUTO_INCREMENT, AUTO_INCREMENT=484;

--
-- Tablo için AUTO_INCREMENT değeri `notlar`
--
ALTER TABLE `notlar`
  MODIFY `not_id` int(11) NOT NULL AUTO_INCREMENT, AUTO_INCREMENT=11;

--
-- Tablo için AUTO_INCREMENT değeri `personel`
--
ALTER TABLE `personel`
  MODIFY `personel_id` int(11) NOT NULL AUTO_INCREMENT, AUTO_INCREMENT=64;

--
-- Dökümü yapılmış tablolar için kısıtlamalar
--

--
-- Tablo kısıtlamaları `gelir`
--
ALTER TABLE `gelir`
  ADD CONSTRAINT `gelir_ibfk_1` FOREIGN KEY (`sinema_id`) REFERENCES `sinema` (`sinema_id`);

--
-- Tablo kısıtlamaları `gider`
--
ALTER TABLE `gider`
  ADD CONSTRAINT `gider_ibfk_1` FOREIGN KEY (`sinema_id`) REFERENCES `sinema` (`sinema_id`);

--
-- Tablo kısıtlamaları `personel`
--
ALTER TABLE `personel`
  ADD CONSTRAINT `personel_ibfk_1` FOREIGN KEY (`sinema_id`) REFERENCES `sinema` (`sinema_id`);
COMMIT;

/*!40101 SET CHARACTER_SET_CLIENT=@OLD_CHARACTER_SET_CLIENT */;
/*!40101 SET CHARACTER_SET_RESULTS=@OLD_CHARACTER_SET_RESULTS */;
/*!40101 SET COLLATION_CONNECTION=@OLD_COLLATION_CONNECTION */;
